Address,Email,Fax,Name,Phone,Website
"3006 Ubi Road 1, #03-350, Singapore 408700",enquiries@13honey.sg,-,13 Honey (S) Pte Ltd,+65 8798 9398 / +65 6844 5065,https://www.13honey.sg/
"15 Jalan Tepong, #05-07 Jurong Food Hub, Singapore 619336",eric@aromaz.com.sg,+65 6898 3891,Aromaz Pte Ltd,+65 6898 3890,http://www.aromaz.com.sg/
"6 Chin Bee Avenue, #02-01, Singapore 619930",enquiry@asianfood.network,+65 6873 0029,Asian Food Network Pte Ltd,+65 6873 0018,http://www.asianfood.network/
"19 Chin Bee Avenue, Singapore 619941",info@ripe-afj.com.sg,+65 6262 2100,Australian Fruit Juice (S) Pte Ltd,+65 6262 0220,http://www.ripe-afj.com.sg/
"390 Victoria Street, #01-25 Village Hotel Bugis, Singapore 188061",-,-,Ayoobi Pte Ltd,+65 6299 2345,-
"28 Tai Seng Street, Level 5, Singapore 534106",academy@at-sunrice.com,+65 6416 6689,At-Sunrice Globalchef Academy Pte Ltd,+65 6416 6688,https://www.at-sunrice.com/
"8 Boon Lay Way, #07-05 Tradehub 21, Singapore 609964",admin@awn.com.sg,+65 6273 3359,Asia Wine Network Pte Ltd,+65 6273 3350,https://www.awn.com.sg/
"20 Bukit Batok Crescent, #11-02 Enterprise Centre, Singapore 658080",business@abp.sg,+65 6591 8835,Annabella Patisserie Trading Pte Ltd,+65 6591 8808 ext 9,http://www.abp.sg/
"211 Woodlands Ave 9, #05-71, Singapore 738960",info@asiafarm.com.sg,+65 6852 1536,Asia Farm F&B Pte Ltd,+65 6852 1535,http://www.asiafarm.com.sg/
"15 Jalan Tepong, #02-02 Jurong Food Hub, Singapore 619336",enquiry@asyurapaste.com,-,Asyura Pte Ltd,+65 6863 4852,https://www.asyurapaste.com/
"232 Pandan Loop, Singapore 128420",lee_beatrice@angliss.com.sg,+65 6778 3966,Angliss Singapore Pte Ltd,+65 6778 8787,http://www.angliss.com.sg/
"2 Bukit Batok St 23, #04-02 Bukit Batok Connection, Singapore 659554",contact@amocan.com,+65 6261 2800,Amoy Canning Corp (S) Ltd,+65 6261 2311,http://www.amocan.com/
"1 Senoko Ave, #01-05 FoodAxis @ Senoko, Singapore 758297",vincent@allbig.com.sg,+65 6694 1894,All Big Frozen Food Pte Ltd,+65 6694 2300,https://www.allbig.com.sg/
"100G Pasir Panjang Road, #06-22 Interlocal Centre, Singapore 118523",willie@alternative.sg,+65 6334 2488,Alternative Selection Pte Ltd,+65 6334 3328,http://www.alternative.sg/
"21 Woodlands Close, #02-17 Primz Bizhub, Singapore 737854",mdpl2002@gmail.com,-,All New International Pte Ltd,+65 6909 1992,-
"22 Sin Ming Lane, #06-76 Midview City, Singapore 573969",akarui@kibofrt.com,+65 6742 8101,Akarui Pte Ltd,+65 6382 3788,-
"2 Andrews Terrace, Straits Gardens, Singapore 757634",chow@trueheritagebrew.com,-,Zolton Pte Ltd,-,https://www.trueheritagebrew.com/
"250 North Bridge Road, #14-01 Raffles City Tower, Singapore 179101",info@zane.sg,-,Zane Pte Ltd,+65 8809 1355,http://www.zane.sg/
"28 Tuas Ave 12, Singapore 639043",sales@ztp.com.sg,+65 6569 7682,Z T P Ginseng Birdnest Pte Ltd,+65 6316 1215,http://www.ztp.com.sg/
"65 Ubi Road 1, #01-72/73 Oxley Bizhub, Singapore 408729",sales@yummihouse.com,+65 6282 2857,Yummi House Pte Ltd,+65 6282 0777,https://www.yummihouse.com/
"10 Admiralty Street, #04-40 Northlink Building, Singapore 757695",enquiry@yushantang.com.sg,+65 6483 5117,Yu Shan Tang Singapore Pte Ltd,+65 6853 0440,http://www.yushangtang.com.sg/
"15 Fourth Chin Bee Road, Singapore 619703",enquiries@youngerfood.com,+65 6261 1569,Younger (Singapore) Pte Ltd,+65 6266 6907 / +65 6266 1822,http://www.youngerfood.com/
"JTC Bedok Food City, 1550 Bedok North Ave 4, #04-01, Singapore 489950",sales@youtiaoman.com,-,You Tiao Man Pte Ltd,+65 6256 7288,https://www.youtiaoman.com/
"11 Third Chin Bee Road, Singapore 618687",ywh@yongwengroup.com,+65 6266 7100,Yong Wen Food (S) Pte Ltd,+65 6266 8100,http://www.ywgroup.com.sg/
"5 Bedok South Road, Singapore 469270",choonnan.ong@sg.yokogawa.com,+65 6241 9919,Yokogawa Engineering Asia Pte Ltd,+65 6241 9933,https://www.yokogawa.com/sg/
"3015 Bedok North St 5, #04-25 Shimei East Kitchen, Singapore 486350",enquiries@yikowei.com.sg,+65 6245 8607,Yikowei Pte Ltd,+65 6245 8603 / +65 6245 7105,http://www.yikowei.com.sg/
"3 Senoko Way, Singapore 758057",enquiries@yeos.com,+65 6752 3122,YHS (Singapore) Pte Ltd,+65 6752 2122,https://www.yeos.com.sg/
"15 Woodlands Loop, #03-50, Singapore 738322",enquiries@yewhwa.com,+65 6759 3783,Yew Hwa Food Industries Pte Ltd,+65 6759 8133 / +65 6759 8233,http://www.yewhwa.com/
"1 Senoko Ave, #02-04/05 Ascendas Foodaxis @ Senoko, Singapore 758297",anthonylee@yeeleeoils.com.sg,+65 6752 4823,Yee Lee Oils & Foodstuffs (S) Pte Ltd,+65 6257 8811,https://www.yeeleeoils.com.sg/
"25 Pandan Crescent, #03-05 Tic Tech Building Lobby A, Singapore 128477",admin@yct.com.sg,+65 6284 4946,YCT Import & Export Pte Ltd,+65 6282 8503 / +65 6282 8389,http://www.yct.com.sg/
"8 Jurong Pier Road, Singapore 619160",sales@yangkee.com,+65 6264 0261,Yang Kee Logistics Pte Ltd,+65 6430 4388,https://www.yangkee.com/
"237 Alexandra Road, #03-09/10 The Alexcier, Singapore 159929",info@yakun.com,+65 6222 9711,Ya Kun (S) Pte Ltd,+65 6222 4567,http://www.yakun.com/
"3015 Bedok North St 5, #05-13 Shimei East Kitchen, Singapore 486350",contact@wulihaofood.com,+65 6245 8279,Wu Li Hao Pte Ltd,+65 6245 8278,http://www.wulihaofood.com/
"1 Kallang Junction, #05-01, Singapore 339263",whcontactus@wohhupfood.com,+65 6776 0004,Woh Hup Food Industries Pte Ltd,+65 6593 8355,http://www.wohhupfood.com/
"20 Bedok South Road, Singapore 469277",info@winson.com,+65 6741 4028,Winson Press Pte Ltd,+65 6741 4511,https://www.winson.com/
"18 Boon Lay Way, #05-95, Singapore 609966",info@winehours.com,-,Winehours Pte Ltd,+65 8356 5588,https://www.winehours.com/
"10 Mergui Road, #12-01 Cityscape @ Farrer Park, Singapore 219067",info@wineheritage.sg,-,Wine Heritage Pte Ltd,+65 9652 5951,https://www.wineheritage.sg/
"6 Yishun Industrial Street 1, #02-01 North View Bizhub, Singapore 768090",enquiry@win2food.com,+65 6352 8919,Win Win Food Singapore Pte Ltd,+65 6352 8918,http://www.win2food.com/
"224C Sumang Lane, #02-109, Singapore 823224",enquiries@wens.sg,-,Wen's Pte Ltd,-,https://www.wens.sg/
"3017 Bedok North St 5, #03-03 Gourmet East Kitchen, Singapore 486121",-,+65 6481 2209,Weiton Food Industries,+65 6482 6213,-
"58 Senoko Road, Singapore 758122",eugenetan@pereocean.com,+65 6259 8558,Wanin Industries Pte Ltd,+65 3157 1688,http://www.pereocean.com/
"52 International Road, #03-06, Singapore 619626",info@wahyubrand.com,-,Wahyu Delicacies Rempeyek Trading,+65 8183 1445,http://www.wahyubrand.com/
"25 Defu Lane 10, #01-200/202, Singapore 539206",info@wahhong.com.sg,+65 6382 3606,Wah Hong Co.,+65 6287 0559,http://www.wahhong.com.sg/
"18 Senoko South Road, Singapore 758089",vis@vitasoy.com.sg,+65 6759 5411,Vitasoy International Singapore Pte Ltd,+65 6759 2855,http://www.vitasoy.com.sg/
"3017 Bedok North St 5, #05-32/33 Gourmet East Kitchen, Singapore 486121",enquiry@vismark.com.sg,+65 6454 6689,Vismark Food Industries Pte Ltd,+65 6552 2161,http://www.vismark.com.sg/
"120 Lower Delta Road, #14-01 Cendex Centre, Singapore 169208",info@vegafoods.com,+65 6291 4527,Vega Foods Corp Private Ltd,+65 6411 0690,http://www.vegafoods.com/
"80 Raffles Place, #12-00 UOB Plaza 1, Singapore 048624",yap.gaysin@uobgroup.com,+65 6536 5303,United Overseas Bank Limited,+65 6539 3012 / +65 6539 5677,https://www.uob.com.sg/
"44 Woodlands Terrace, Singapore 738458",sales@unifood.com.sg,+65 6747 4202,Unifood International (S) Pte Ltd,+65 6841 3855,http://www.unisoy.com.sg/
"10 Fishery Port Road, Singapore 619732",enquiry@unicofoods.com,+65 6773 0080,Unico Foods Pte Ltd,+65 6778 0080,-
"37 Mactaggart Road, #07-03, Singapore 368083",lilchef@tvifood.com,+65 6284 9361,TVI Pte Ltd,+65 6909 3732,http://www.lilchef.com.sg/
"4 Kian Teck Drive, Singapore 628821",enquiry@tyinnovations.com,+65 6816 2944,TY Innovations Pte Ltd,+65 6779 4500,https://www.tyinnovations.com/
"56 Senoko Drive, Singapore 758235",edvin@tungsanfood.com,+65 6257 8634,Tungsan Food Industries Pte Ltd,+65 6257 6897,http://www.tungsanfood.com/
"48 Toh Guan Road East, #02-97 Enterprise Hub, Singapore 608586",raymond@firstfood.com.sg,+65 6273 9588,Tung Shun Pte Ltd,+65 6778 8895,http://www.tungshun.com.sg/
"1 Brooke Road, #02-17 Katong Plaza, Singapore 429979",sales@trigateway.com,+65 6348 0457,Tri Gateway Exports,+65 6348 1956,http://www.trigateway.com/
"1 Loyang Street, Singapore 508836",sales@transicom.com.sg,+65 6543 1351,Transicom Engineering Pte Ltd,+65 6543 0988,http://www.transicom.com.sg/
"1002 Tai Seng Ave, #01-2534, Singapore 534409",sales@tradewindsfood.com.sg,+65 6343 7370,Tradewinds Food Industries Pte Ltd,+65 6385 8385,https://www.tradewindsfood.com.sg/
"15 Woodlands Loop, #03-51 Woodlands East Industrial Estate, Singapore 738322",topchoic@singnet.com.sg,+65 6753 5100,TopChoice Food Industries (S) Pte Ltd,+65 6753 1677,http://www.topchoicesingapore.com/
"33 Senoko South Road, Singapore 758085",maxng@tspsonghe.com.sg,+65 6756 6756,Tong Seng Produce Pte Ltd,+65 6759 3600,https://www.tspsonghe.com.sg/
"7A Lichfield Road, Singapore 556827",sales@oeo.com.sg,+65 6386 9700,Toh Thye San Farm,+65 6386 9300,http://www.oeo.com.sg/
"21 Pandan Ave, #03-08, Singapore 609388",marketing@tonggarden.com.sg,+65 6265 4441,Tong Garden Food (S) Pte Ltd,+65 6264 8888,https://www.tonggarden.com.sg/
"10 Senoko South Road, Singapore 758097",tohli@singnet.com.sg,+65 6757 1171,Toh Li Food Products Pte Ltd,+65 6758 4567,-
"202 Pandan Loop, Singapore 128390",sales@tlfood.com.sg,+65 6506 2399,Tiong Lian Food Pte Ltd,+65 6266 6166,http://www.tlfood.com.sg/
"2 Woodlands Sector 1, #03-29 Woodlands Spectrum 1, Singapore 738068",enquiry@tobe-packaging.com,+65 6298 4221,Tobe Packaging Industries Pte Ltd,+65 6297 0555,http://www.tobe-packaging.com/
"65 Ubi Road 1, #02-53, Oxley Bizhub 1, Singapore 408729",trade@tigerfoods.co,+65 6909 5944,Tiger Foods Pte Ltd,+65 6909 5933 / +65 8111 1786,http://www.tigerfoods.co/
"28 Tai Seng Street, #04-03 Sakae Building, Singapore 534106",admin@tiffingourmet.com,-,Tiffin Gourmet Pte Ltd,+65 6012 8830 / +65 6012 8831,https://www.tiffingourmet.com/
"3 Phillip Street, #16-02A, Royal Group Building, Singapore 048693",info@thoughtfulfood.co,-,Thoughtful Food Pte Ltd,+65 9474 5142,https://www.thoughtfulfood.co/
"22 Senoko Way, Singapore 758044",tingsoon@thongsiek.com,+65 6754 4030,Thong Siek Food Industry Pte Ltd,+65 6756 0233,http://www.thongsiek.com/
"4 Defu Lane 9, Singapore 539246",-,+65 6288 7477,TheSeafoodCompany Pte Ltd,+65 6288 1411,https://www.theseafoodcompany.com.sg/
"33 Rochester Drive, #24-11, Singapore 138638",neelendra@njgroup.sg,-,The Happy Tree Pte Ltd,-,https://www.njrelish.com/
"42 Woodlands Terrace, Singapore 738457",sales@thaising.com,+65 6755 1969,Thai Sing Foodstuffs Industry Pte Ltd,+65 6755 2166,http://www.thaising.com/
"54 Cashew Road, #09-02 Cashew Park, Singapore 679637",sales@tengyunint.com.sg,+65 6762 6633,Teng Yun International Pte Ltd,+65 6769 5029,-
"1 Senoko Road, Singapore 758134",tyj@tyjfood.com,+65 6286 2222,Tee Yih Jia Food Manufacturing Pte Ltd,+65 6880 9888,http://www.tyjfood.com/
"15 Woodland Loop, #01-34, Singapore 738322",tdf_food@yahoo.com.sg,+65 6758 8567,TDF Food Pte Ltd,+65 6758 8138,http://www.tdffood.com.sg/
"37 Quality Road, Singapore 618808",thf@pacific.net.sg,+65 6265 1929,Tat Hui Foods Pte Ltd,+65 6261 1010,http://www.kokanoodles.com/
"32 Ang Mo Kio Industrial Park 2, #04-17 Sing Industrial Complex, Singapore 569510",cecil@tantraco.com.sg,+65 6482 4398,Tantraco Enterprise Pte Ltd,+65 6482 3575,http://www.tantraco.com.sg/
"3017 Bedok North St 5, #03-12/13 Gourmet East Kitchen, Singapore 486121",ray@tskfood.com,+65 6445 2918,Tan Seng Kee Foods Pte Ltd,+65 6445 2320,http://www.tskfood.com/
"8 Woodlands Terrace, Singapore 738433",roy@tsmfood.com,+65 6756 7296,Tan Soon Mui Food Industries,+65 6756 7626,http://www.tsmfood.com/
"Blk 632 Upper Thomas Road, #07-79, Singapore 787133",hocksay@gmail.com,+65 6224 8826,Tan Hock Say Pte Ltd,+65 6222 2706 / +65 6222 6954,-
"6 Defu Lane 2, Singapore 539466",ttfmpl@singnet.com.sg,+65 6280 2892,Tai Thong Food Mfg Pte Ltd,+65 6287 7166 / +65 6280 1783,-
"255 Pandan Loop, Singapore 128433",info@taisun.com.sg,+65 6778 2477,Tai Sun (Lim Kee) Food Industries Pte Ltd,+65 6779 6611,http://www.taisun.com.sg/
"12 Jalan Besut, Singapore 619566",taihua@singnet.com.sg,+65 6265 4077,Tai Hua Food Industries Pte Ltd,+65 6265 9911,http://www.taihua.biz/
"15 Woodlands Loop, #01-23, Singapore 738322",info@rosesyrup.com,+65 6759 1315,T.G. Kiat Co. (Pte) Ltd,+65 6758 9152,http://www.rosesyrup.com/
"2A Second Chin Bee Road, Singapore 618781",syntechchem@syntechchem.com,+65 6861 6827,Syntech Chemicals Pte Ltd,+65 6861 6828,https://www.syntechchem.com/
"3791 Jalan Bukit Merah, #04-02 e-Centre, Singapore 159471",spices@sweechoon.com.sg,+65 6535 2787,Swee Choon Company Pte Ltd,+65 6533 9922,http://www.sweechoon.com.sg/
"Block 1009 Aljunied Ave 4, #01-36, Singapore 389910",suvaifoodspteltd@gmail.com,-,Suvai Foods Pte Ltd,+65 6749 6750,https://www.suvaifoods.com/
"5 Burn Road, #06-02 Tee Yih Jia Food Building, Singapore 369972",organic@superlativefoods.com,-,Superlative Foods Pte Ltd,+65 3157 4300,https://www.superlativefoods.com/
"8A Admiralty Street, #01-37 FoodXchange @ Admiralty, Singapore 757437",enquiries@supremefood.sg,+65 6684 7727,Supreme Food Industries Pte Ltd,+65 6684 7767,https://www.shilepo.com/
"53 Ubi Ave 1, #05-04 Paya Ubi Industrial Park, Singapore 408934",slgarden@slg-group.com,+65 6743 8532,Sun Lim Garden Foodstuffs Pte Ltd,+65 6748 0362,http://www.slg-group.com/
"19 Woodlands Sector 1, Singapore 738080",enquiry@sunkee.com,+65 6417 0880,Sun Kee (Pte) Ltd,+65 6417 0888,http://www.sunkee.com/
"7 Fan Yoong Road, Singapore 629785",sales@beeglobe.com.sg,+65 6266 3359 / +65 6898 0900,SPW Food Industries Pte Ltd,+65 6262 0328 / +65 6898 1311,http://www.beeglobe.com.sg/
"9 Kaki Bukit Road 1, #B1-03 Eunos Technolink, Singapore 415938",nitin@spartanbizcorp.com,+65 6909 5416,Spartan Bizcorp Pte Ltd,+65 6909 5417,https://www.spartanbizcorp.com/
"65A Jalan Tenteram, #07-10, Singapore 328958",mike@sparkyproducts.com.sg,+65 6255 6455,Sparky Products Pte Ltd,+65 6255 6588,https://www.bennschocolate.com/
"15 Woodlands Loop, #02-50, Singapore 738322",admin@soonhuat.com,+65 6754 1022,Soon Huat Marine Product Trading,+65 6754 1033,http://www.soonhuat.com/
"18 Howard Road, #10-07 Novelty Biz Centre, Singapore 369585",jimmy.soh@solagriresources.com,+65 6396 8962,Sol Agri Resources Pte Ltd,+65 6396 8961,http://www.solagriresources.com/
"15 Woodlands Loop, #03-45, Singapore 738322",skytimehupkee@yahoo.com.sg,+65 6368 1973,Skytime Hupkee Foodstuff Pte Ltd,+65 6368 3309,http://www.skytimehupkee.com/
"27 Defu Lane 12, Singapore 539134",admin@sinmahgroup.com,+65 6383 1311,Sinmah Poultry Processing (S) Pte Ltd,+65 6383 1200,-
"Blk 3017 Bedok North Street 5, #03-12/13 Gourmet East Kitchen, Singapore 486121",-,+65 6337 7926,Singapore Noodles Manufacturers' Association,+65 6337 1011,-
"463 Tagore Industrial Ave, Singapore 787832",sales@shhks.com,+65 6552 5058,Sinhua Hock Kee Trading (S) Pte Ltd,+65 6552 6668,http://www.shhks.com/
"10 Dover Drive, Singapore 138683",michele.low@singaporetech.edu.sg,-,Singapore Institute of Technology (SIT),+65 6592 1946,http://www.singaporetech.edu.sg/
"40 Senoko Drive, Singapore 758225",terry@spore-food-delight.com,+65 6449 0588,Singapore Food Delight Manufacturer Pte Ltd,+65 6448 0622,http://www.spore-food-delight.com/
"10 Kallang Ave, #09-16 Aperia Tower 2, Singapore 339510",enquiry.singapore@ubm.com,-,Singapore Exhibition Services (Pte) Limited,+65 6233 6688,-
"12 Woodlands Link, Singapore 738740",nya01@singlong.com,+65 6289 7351,Sing Long Foodstuff Trading Co. Pte Ltd,+65 6284 5254,http://www.singlong.com/
"3015 Bedok North St 5, #01-07 Shimei East Kitchen, Singapore 486350",sales@sincerefood.com,+65 6246 0166,Sincere Culinary Development Pte Ltd,+65 6246 1978,http://www.sincerefood.com/
"15 Jalan Tepong, #04-19 Jurong Food Hub, Singapore 619336",sinshenghuat@yahoo.com.sg,+65 6266 6898,Sin Sheng Huat Coffee Pte Ltd,+65 6266 6808 / +65 6266 6818,-
"3017 Bedok North St 5, #05-06 Gourmet East Kitchen, Singapore 486121",dimsum@smhfood.com,+65 6442 7577,Sin Mui Heng Food Industries Pte Ltd,+65 6442 7677,http://www.smhfood.com/
"15 Woodlands Loop, #04-01/04, Singapore 738322",sinlihin@singnet.com.sg,+65 6754 5700,Sin Li-Hin Frozen Food Pte Ltd,+65 6755 3773,http://www.sinlihin.com.sg/
"8 Senoko South Road, #01-01 Chng Kee's Foodlink, Singapore 758095",keesauce@shdfood.com.sg,+65 6755 6656,Sin Hwa Dee Foodstuff Industries Pte Ltd,+65 6755 2262,http://www.chngkees.com.sg/
"994 Bendemeer Road, #03-06 B-Central, Singapore 339943",simplysocial@simplymadefoods.com,-,Simplymade Pte Ltd,+65 8233 5905,https://www.wearenoomoo.com/
"4 Ubi View, #03-00 Pioneers & Leaders Centre, Singapore 408557",shinjindairy@singnet.com.sg,-,Shin Jin Pte Ltd,+65 6764 1345 / +65 9787 7587,http://www.shinjindairy.com/
"8 Defu Lane 9, Singapore 539250",sshci@singnet.com.sg,+65 6284 5429,Sim Soon Heng Cooking Ingredients Pte Ltd,+65 6283 2868,https://www.ssh.sg/
"2 Bukit Batok St 23, #01-15 Bukit Batok Connection, Singapore 659554",sales.sg@cbfrozen.com,+65 6255 8634,Sigma Food Pte Ltd,+65 6252 2049,http://www.cylfood.com/
"180 Paya Lebar Road, #10-03A Yi Guang Factory Building, Singapore 409032",sales@shengaik.com,-,Sheng Aik Trading Pte Ltd,+65 6226 2850,http://www.shengaik.com/
"20 Bedok South Road, Singapore 469277",adrianfong@shikilabel.com,+65 6293 8168,Shiki Label Printing Industries Pte Ltd,+65 6293 1618,http://www.shikilabel.com/
"15 Woodlands Loop, #04-10/11, Singapore 738322",sharon@sheensupply.com.sg,+65 6481 3668,Sheen Supply,+65 6481 3688,-
+65 8222 3409,support@singaporefoodunited.com,-,SG Food United Pte Ltd,+65 8222 3409,https://www.singaporefoodunited.com/
"15 Jalan Tepong, #04-02/03 Jurong Food Hub, Singapore 619336",enquiries@senghuatbeancurd.com,+65 6287 7678,Seng Huat Bean Curd Pte Ltd,+65 6287 3571,http://www.senghuatbeancurd.com/
"24A Senoko South Road, Singapore 758099",sales@select.com.sg,+65 6852 3335,Select Group Pte Ltd,+65 6852 3333,http://www.select.com.sg/
"127 Defu Lane 10, Singapore 539234",kaikeng@camelnuts.com,+65 6383 0689,Seng Hua Hng Foodstuff Pte Ltd,+65 6383 3388,http://www.camelnuts.com/
"1 Jalan Gemala 2, Singapore 718798",scfeggs@singnet.com.sg,+65 6769 8628,Seng Choon Farm Pte Ltd,+65 6762 2858,http://www.sengchoonfarm.com/
"80 Marine Parade Rd, #09-08 Parkway Parade, Singapore 449269",info@segomo.com.sg,+65 6447 0383,Segomo Pte Ltd,+65 6447 2226,https://www.segomo.com.sg/
"100G Pasir Panjang Road, #07-27 Interlocal Centre, Singapore 118523",sales@senghong.com,+65 6535 7325,Seng Hong Company (Private) Limited,+65 6533 4888,http://www.senghong.com/
"100C Pasir Panjang Road, Singapore 118519",info@heavenlyrice.com,+65 6533 7509,See Hoy Chan (1988) Pte Ltd,+65 6535 5222,https://www.heavenlyrice.com/
"1B Senoko Crescent, Senoko Food Connection, Singapore 758284",sales@seahsspices.com,+65 6759 9552,Seah's Spices Food Industries Pte Ltd,+65 6759 9551,http://www.seahsspices.com/
"18 Boon Lay Way, #07-110 Tradehub 21, Singapore 609966",sales@seacold.com.sg,+65 6861 4766,Seacold Seafoods (S) Pte Ltd,+65 6861 5900,http://www.seacold.com.sg/
"1 Tuas Bay Close, #03-03 Liner @ Tuas, Singapore 636997",sales@seabiz.sg,-,Seabiz Trading Pte Ltd,+65 6352 9646,http://www.seabiz.sg/
"1 Kaki Bukit Road 1, #05-07 Enterprise One, Singapore 415934",sales@sbymeat.com,-,SBY Frozen Food Supply Pte Ltd,+65 6142 8483,https://www.sbymeat.com/
"1550 Bedok North Ave 4, #02-31 JTC Bedok Food City, Singapore 489950",otah@savoryorigin.com,+65 6284 3996,Savory Origin Pte Ltd,+65 6283 0022,https://www.savoryorigin.com/
"3017 Bedok North St 5, #03-24 Gourmet East Kitchen, Singapore 486121",info@santino.com.sg,+65 6242 0441,Santino Coffee Specialists Pte Ltd,+65 6448 5030,http://www.santino.com.sg/
"120 Lower Delta Road, #06-03 Cendex Centre, Singapore 169208",sales@sansesan.com,+65 6224 5913,San Sesan Global Pte Ltd,+65 6532 3839,http://www.sansesan.com/
"171 Kampong Ampat, #03-11 KA Foodlink, Singapore 368330",shirlee.chua@samsui.com.sg,-,Samsui Supplies & Services Pte Ltd,+65 6645 9341,https://www.samsui.com.sg/
"22 Chia Ping Road, Singapore 619975",sagafds@singnet.com.sg,+65 6261 8757,Saga Foodstuffs Manufacturing (Pte) Ltd,+65 6265 0190,http://www.sagafoodstuffs.com/
"2 Kallang Avenue, #05-19 CT Hub, Singapore 339407",enquiry@incarich.com,+65 6268 9679,Sacha Inchi Pte Ltd,+65 6268 7227,http://www.incarich.com/
"201 Sims Ave, Singapore 387504",richie@yuxiangyan.com,+65 6842 4828,S.K.Y. Birdnest Trading Pte Ltd,+65 6842 6855,http://www.yuxiangyan.com/
"55 Serangoon North Ave 4, #05-08, S9, Singapore 555859",marketing1@lifecompact.com.sg,+65 6853 5665,Robust & Life Compact Pte Ltd,+65 6758 5656,http://www.lifecompact.com.sg/
"10 Tampines North Drive 4, #05-09, Singapore 528553",roy@rhima.sg,-,Rhima Singapore Pte Ltd,+65 9107 8943,https://www.rhima.sg/
"90 Cecil Street, #12-00 RHB Bank Building, Singapore 069531",wong.chee.kay@rhbgroup.com,-,RHB Bank Berhad,+65 6320 0275,http://www.rhbbank.com.sg/
"3017 Bedok North St 5, #06-32 Gourmet East Kitchen, Singapore 486121",contact@redlipsfoods.com,+65 6448 8439,Red Lips Foods Pte Ltd,+65 6448 1048,http://www.redlipsfoods.com/
"1 Tampines North Drive 1, #01-06 T-Space, Singapore 528559",redsun@singnet.com.sg,+65 6842 1810,Redsun Singapore Pte Ltd,+65 6337 7133,http://www.redsunproducts.com/
"46 Senoko Drive, Singapore 758229",info@redgum.com.sg,+65 6759 1850,Red Gum Private Limited,+65 6754 2030,http://www.redgum.com.sg/
"27 Tuas Bay Walk, #04-04, Singapore 637127",cf@recipediagroup.com,-,Recipedia Group Pte Ltd,+65 8500 0700,https://www.churrossg.com/
"5 Ang Mo Kio Industrial Park 2A, #04-23, Singapore 567760",francis.rcse@gmail.com,-,RCS Global Ventures Pte Ltd,+65 6858 6960,-
"118 Pioneer Road, Singapore 639598",enquiry@radhaexports.com,-,Radha Exports Pte Ltd,+65 6220 2777,https://www.radhaexports.com/
"171 Kampong Ampat, #04-11/15 KA Foodlink, Singapore 368330",sales@qiji.com.sg,+65 6283 8573,Qi Ji Pte Ltd,+65 6283 8572,https://www.qiji.com.sg/
"87 Bukit Timah Road, Singapore 229834",info@sambu.com.sg,+65 6734 8601,Pulau Sambu Singapore Pte Ltd,+65 6734 7138,http://www.sambugroup.com/
"201 Keppel Road, Level 5 Office Block, Singapore 099419",sales.flourmills@prima.com.sg,+65 6277 6881,Prima Limited,+65 6277 7752,http://www.primaflour.com/
"8 Burn Road, #08-02 Trivex, Singapore 369977",lily@psfoodandbeverage.com.sg,-,PS Food & Beverage (S) Pte Ltd,+65 6219 2539,http://www.psfoodandbeverage.com.sg/
"15 Jalan Tepong, #06-08 Jurong Food Hub, Singapore 619336",pondokabang@singnet.com.sg,+65 6265 8002,Pondok Abang,+65 6265 8300,http://www.pondokabang.com/
"10 Ubi Crescent, #04-39 Ubi Techpark Lobby C, Singapore 408564",care@pomefresh.com,-,PomeFresh Organic Pte Ltd,+65 8800 1119,http://www.pomefresh.com/
"28 Riverside Road, #07-01, Singapore 739082",salesenquiry@polarpuffs.com.sg,+65 6269 0779,Polar Puffs & Cakes Pte Ltd,+65 6269 5877,http://www.polarpuffs-cakes.com/
"865 Mountbatten Road, #06-05 Katong Shopping Center, Singapore 437844",sales@point2pointexports.com,+65 6635 5699,Point to Point Exports Pte Ltd,+65 6635 5688,http://www.point2pointexports.com/
"7500A Beach Road, #15-322 The Plaza, Singapore 199591",customercare.sg@planworthfactor.com,-,Planworth Global Factoring (S'pore) Pte Ltd,+65 6291 9008,http://www.planworthfactor.com/
"19 Woodlands Link, Singapore 738728",sales@pinsi.com.sg,+65 6759 8177,Pin Si Kitchen Pte Ltd,+65 6758 8177,https://www.pinsi.com.sg/
"231A Pandan Loop, Singapore 128419",tjenchew@phoonhuat.com,+65 6288 8619,Phoon Huat Pte Ltd,+65 6289 8989,http://www.phoonhuat.com/
"22 New Industrial Road, #02-03 Primax, Singapore 536208",pestbust@singnet.com.sg,-,Pestbusters Pte Ltd,+65 3163 4415,http://www.pestbusters.com.sg/
"10 Chin Bee Drive, Singapore 619861",admin@peoplebeehoon.com.sg,+65 6267 5869,People Bee Hoon Factory Pte Ltd,+65 6267 5758,http://www.peoplebeehoon.com.sg/
"52 International Road, Singapore 619626",parspore@singnet.com.sg,+65 6265 2768,Par International Holdings Pte Ltd,+65 6268 0112 / +65 6268 0796,-
"1 Yong Siak Street, Singapore 168641",yksam.pengkeenoodles@gmail.com,+65 6221 4790,Peng Kee Noodles Manufacturer Pte Ltd,+65 6223 1754 / +65 6776 4168,-
"Blk 132 Rivervale Street, #11-810, Singapore 540132",apriltan@pandagoods.asia,-,Panda Goods Pte Ltd,+65 9099 1999,https://www.skinship.com.sg/
"6 Loyang Drive, Loyang Industrieal Estate, Singapore 508937",pacific@pacific-jickson.com,+65 6545 1895,Pacific Packaging (Far East) Pte Ltd,+65 6545 1595,http://www.pacific-jickson.com/
"22 Sin Ming Lane, #06-76 Midview City, Singapore 573969",ebcspore@gmail.com,+65 6460 0190,Pacific Lyon Pte Ltd,+65 6248 0948,https://www.everythingbanana.com/
"69 Ubi Road 1, #08-27 Oxley Bizhub, Singapore 408731",info@orientdesign.com.sg,-,Orient Design Pte Ltd,+65 6702 5112,https://www.orientbranding.com/
"2 Woodlands Terrace, Singapore 738427",contact@oldchangkee.com,+65 6303 2415,Old Chang Kee Ltd,+65 6303 2400,http://www.oldchangkee.com/
"55 Upper Changi Road East, Singapore 486165",foodpipe@gmail.com,-,Outram Park Food Pipe (Singapore) Pte Ltd,+65 6525 5833,-
"57 Kaki Bukit View, 2/F Kaki Bukit Techpark II, Singapore 415977",jonathan@orientfoods.com,+65 6746 6621,Orient Foods Pte Ltd,+65 6746 6698,-
"15 Wan Lee Road, Singapore 627945",jobina.loh@ojjfoods.com.sg,+65 6285 3325,OJJ Foods Pte Ltd,+65 6261 6685,http://www.ojjfoods.com.sg/
"9 Chin Bee Crescent, Singapore 619894",info@sesameoil.com.sg,+65 6265 5088,Oh Guan Hing Sesame Oil Factory Pte Ltd,+65 6265 7008,http://www.sesameoil.com.sg/
"3017 Bedok North St 5, #06-06 Gourmet East Kitchen, Singapore 486121",info@ohchinhing.com.sg,+65 6451 5530,Oh Chin Hing Sesame Oil Factory,+65 6481 3990,http://www.ohchinhing.com.sg/
"54 Senoko Drive, Singapore 758234",info@puresesameoil.com,+65 6481 2131,Oh Aik Guan Food Industrial Pte Ltd,+65 6754 4028,http://www.puresesameoil.com/
"153A Thomson Road, Goldhill Shopping Centre, Singapore 307607",enquiry@nuvojoy.com,+65 6255 5656,Nuvojoy Pte Ltd,+65 6250 5656,https://www.nuvojoy.com/
"8A Admiralty St, #07-34 Food Xchange @ Admiralty, Singapore 757437",sales@nurydianxin.com,-,Nury Dian Xin Delight Pte Ltd,+65 6564 5667,https://www.nurydianxin.com/
"21 Pasir Panjang Wholesale Centre, #01-145, Singapore 110021",sauloong@sunnyfruit.com.sg,+65 6877 7870,Nishen Tropical Fruits Pte Ltd,+65 6773 7998,-
"101 Cecil Street, #24-01 Tong Eng Building, Singapore 069533",nomax@nomanbhoy.sg,+65 6225 2919,Nomanbhoy & Sons Pte Ltd,+65 6224 1313,http://www.nomanbhoy.sg/
"1 Joo Koon Circle, #13-01, Singapore 629117",-,-,NTUC Fairprice Co-Operative Ltd,-,http://www.fairprice.com.sg/
"231 Pandan Loop, Singapore 128418",enquiry@nchoil.com.sg,+65 6777 5008,Ngo Chew Hong Edible Oil Pte Ltd,+65 6778 3322,http://www.nchoil.com/
"6 Chin Bee Drive, Singapore 619856",enquiry@ngnambee.com,+65 6757 2292,Ng Nam Bee Marketing Pte Ltd,+65 6757 0555,http://www.ngnambee.com.sg/
"2B Mandai Estate, #01-03 BHL Factories, Singapore 729929",ncl@ngcheelee.com,+65 6297 0677,Ng Chee Lee Pte Ltd,+65 6298 4822,http://www.ngcheelee.com/
"15 Woodlands Loop, #03-35/36, Singapore 738322",inquiry@newpenghiang.com,+65 6753 5730,New Peng Hiang Pte Ltd,+65 6753 7707,http://www.newpenghiang.com/
"114 Lavender Street, #05-86 CT Hub 2, Singapore 338729",baoheng@newhopesingapore.com,+65 6385 1353,New Hope Singapore Pte Ltd,+65 6908 2418,http://www.newhopeliuhe.com/
"122 Woodlands Industrial Park E3, Singapore 757848",enquiry@neweastern.com.sg,+65 6298 6661,New Eastern (1971) Pte Ltd,+65 6296 8777,http://www.neweastern.com.sg/
"15A Changi Business Park Central 1, #05-02/03 Eightrium @ Changi Business Park, Singapore 486035",sheila.teo@sg.nestle.com,+65 6588 1507,Nestle Singapore (Pte) Ltd,+65 6836 7000 / +65 6233 4107,https://www.nestle.com.sg/
"1 Enterprise Road, Singapore 629813",elvis.lee@neogroup.com.sg,+65 6515 0421,Neo Garden Catering Pte Ltd,+65 6896 7757,http://www.neogroup.com.sg/
"15 Yan Kit Road, #03-00, Singapore 088267",people@boxgreen.co,-,Naturepack Pte Ltd,+65 8882 9155,https://www.boxgreen.co/
"8A Admiralty Street, #05-30 FoodXchange @ Admiralty, Singapore 757437",enquiry@nanxiang.sg,-,Nan Xiang Food Industries,+65 6853 4489,https://www.nanxiang.sg/
"15 Woodlands Loop, #01-51/52, Singapore 738322",-,+65 6756 6005,Nai Fong Foodstuff Trading Pte Ltd,+65 6756 6588,-
"51 Science Park Road, #01-01/03 The Aries Science Park II, Singapore 117586",food@nagase.com.sg,-,Nagase Singapore (Pte) Ltd,+65 6779 0120,https://www.nagase-foods.com/mesa/
"1 Lim Chu Kang Lane 9A, Singapore 718845",enquiries@eggstory.com.sg,+65 6772 9474,N & N Agriculture Pte Ltd,+65 6792 9745,http://www.eggstory.com.sg/
"690 West Camp Road, #11-06 JTC Aviation Two, Singapore 797523",jonhui@markwalkerdrinks.com,-,MWD Beverages Pte Ltd,+65 6467 3108,https://www.markwalkerdrinks.com/
"301 Geylang Road, #03-01, Singapore 389344",enquiry@tastyfood.com.sg,+65 6266 1151,Mushan Food Industries Pte Ltd,+65 6266 0020,https://www.mushanfoods.com.sg/
"15 Senoko Drive, #03-06 JTC Food Hub, Singapore 758202",sales@mrpopiah.com.sg,-,Mr Popiah Pte Ltd,+65 6988 3562,http://www.mrpopiah.com.sg/
"6 Gul Lane, Singapore 629405",monzone@singnet.com.sg,+65 6368 2063,Monzone Air-Conditioning Pte Ltd,+65 6365 1315,http://www.refrigerated-truck.com/
"30A Kallang Place, #05-10, Singapore 339213",inquiry@mondenissin.com,-,Monde Nissin Singapore Pte Ltd,+65 6291 6848,https://www.mondenissin.com/
"1 Kaki Bukit Road, #05-30 Enterprise One, Singapore 415934",jeromelim@mingfafishball.com,+65 6383 9331,Ming Fa Food Industries Pte Ltd,+65 6383 9338,https://www.mingfafishball.com/
"3021 Ubi Ave 2, #03-171, Singapore 408897",hello@momolato.com,-,Momolato Pte Ltd,+65 9679 7268,https://www.momolato.com/
"190 Middle Road, #19-05 Fortune Centre, Singapore 188979",salihi@mmstar.com.sg,+65 6826 1021,MM Star Pte Ltd,+65 6826 1069 / +65 8838 1101,http://www.mmstar.com.sg/
"25 Terrasse Lane, #01-26, Singapore 544776",mindofoodspteltd@gmail.com,-,Mindo Foods Pte Limited,-,https://www.mindofoods.com/
"1 Senoko Ave, #05-01 FoodAxis @ Senoko, Singapore 758297",sales@minhiang.com,+65 6759 7309,Min Hiang Food Pte Ltd,+65 6755 0993,http://www.minhiang.com/
"19 Tuas View Square, Singapore 637564",mcfoods@mengchong.com.sg,+65 6754 5659,Meng Chong Foodstuffs Pte Ltd,+65 6755 2222,https://www.mengchong.com.sg/
"No.2 Venture Drive, #24-01, Singapore 608526",mcfood12@singnet.com.sg,+65 6261 5030,Meng Chuan Food Mfg Pte Ltd,+65 6265 0055,-
"6 Eu Tong Street, #09-14 The Central, Singapore 059817",regel.chow@mellowercoffee.com,-,Mellower Coffee (Singapore) Pte Ltd,+65 6221 5709,-
"261 Pandan Loop, Singapore 128436",mhysales@farmerpeanuts.com,+65 6779 3562,Mei Heong Yuen Food Industries Pte Ltd,+65 6779 1156,http://www.farmerpeanuts.com/
"7 Tuas Bay Walk, Singapore 637756",info@mayson.com.sg,+65 6266 5417,Mayson Bakery Pte Ltd,+65 6266 5280,http://www.mayson.com.sg/
"6 Jurong Pier Road, Singapore 619158",enquiry.msl@simedarby.com.sg,+65 6265 6160,Mecomb Singapore Limited,+65 6572 1200,https://www.mecomb.com/
"1 Bukit Batok Crescent, #07-54 WCEGA Plaza, Singapore 658064",raymondsoh@fzh.com.sg,+65 6872 6513,Mayor Food Industries Pte Ltd,+65 6570 3928,-
"2 Battery Road, #16-01 Maybank Tower, Singapore 049907",-,-,Maybank Singapore Limited,+65 6550 7307,https://www.maybank2u.com.sg/
"22 Sin Ming Lane, #04-84 Midview City, Singapore 573969",-,-,Matrix Star Marketing Pte Ltd,+65 6659 4323,http://www.matrixstar.com.sg/
"1004 Lorong 8, Toa Payoh Industrial Park, #07-1483, Singapore 319076",sales@markingmethod.com.sg,+65 6250 7083,Marking Method Systems,+65 6250 3500,http://www.marking.com.sg/
"58 Tanjong Penjuru, Singapore 609036",enquiry@masdachem.com.sg,+65 6265 0933,Masda Chemical Pte Ltd,+65 6268 6533,http://www.masda.com.sg/
"15 Yishun Industrial Street 1, #03-23 Win 5 Building, Singapore 768091",joe@mandarinad.com.sg,+65 6747 1588,Mandarin Advertising Pte Ltd,+65 6747 1500,-
"51 Tuas West Drive, Singapore 638415",sales@mahachem.com,+65 6863 1819,Maha Chemicals (Asia) Pte Ltd,+65 6863 1808,https://www.mahachem.com/
"7 Buroh Lane, #06-03 Commonwealth Capital Building, Singapore 618291",moo@udders.com.sg,+65 6659 9741,Lycklig Pte Ltd,+65 6662 9410,https://www.udders.com.sg/
"23 Tagore Lane, #03-19, Singapore 787601",fongli.fen@lowerental.com,-,Lowe Rental Pte Ltd,+65 6284 1552,https://www.lowerental.com/sg/
"100 Eunos Ave 7, #01-01, Singapore 409572",hello@littleblossom.co,-,Little Blossom Pte Ltd,-,https://www.littleblossom.co/
"125 Tuas View Square, Singapore 637739",charleschua@icecool.com.sg,+65 6791 0555,Litat Import & Export Pte Ltd,+65 6792 0555,http://www.icecool.com.sg/
"100G Pasir Panjang Road, #04-11 Interlocal Centre, Singapore 118523",daniel.yeo@listenup.today,-,Listen Up Pte Ltd,+65 6333 0300,https://www.oatbedient.com/
"20 Bukit Batok Crescent, #13-24 Enterprise Centre, Singapore 658080",-,+65 6267 8602,Limmy Food Industries Pte Ltd,+65 6267 8603,-
"111 North Bridge Road, #21-01 Peninsula Plaza, Singapore 179098",sales@limspices.com,-,Lim Spices Pte Ltd,+65 9299 1123,https://www.limspices.com/
"251 Pandan Loop, Singapore 128431",info@limlamthye.com,+65 6779 0200,Lim Lam Thye Pte Ltd,+65 6779 2948,http://www.limlamthye.com/
"80 Jalan Pacheli, Singapore 557412",admin@lilo.com.sg,-,Lilo Health Food (SG) Private Limited,-,https://lilo.com.sg/
"28 Woodlands Terrace, Singapore 738450",info@limkee.com,+65 6755 5858,Lim Kee Food Manufacturing Pte Ltd,+65 6758 5858 / +65 6758 3588,http://www.limkee.com/
"12 Chin Bee Crescent, Singapore 619896",enquiry@lianhap.com.sg,+65 6265 0597,Lian Hap Xing Kee Edible Oil Trading Pte Ltd,+65 6265 0593,http://www.lianhap.com/
"1815 Geylang Bahru, #01-02, Singapore 339716",latcoffee@singnet.com.sg,+65 6742 8946,Lian Aik Trading (S) Pte Ltd,+65 6748 3701,-
"1009 Aljunied Ave 4, #01-48, Singapore 389910",enquiry@likwong.com.sg,+65 6749 0791,Li Kwong Agencies Co,+65 6749 3995,http://www.likwong.com.sg/
"40 Woodlands Terrace, Singapore 738456",yeunlee@lichuan.com.sg,+65 6755 6698,Li Chuan Food Products Pte Ltd,+65 6755 7688,http://www.lichuan.com.sg/
"75 Tuas View Walk 1, Singapore 637615",info@lianfood.com,+65 6898 2002,Li An Foodstuff Pte Ltd,+65 6898 2112,http://www.lianfood.com/
"15 Woodlands Loop, #04-57, Singapore 738322",enquiry@leonghin.com.sg,+65 6759 0500,Leong Hin Foods Pte Ltd,+65 6759 5556,http://www.leonghin.com.sg/
"7 Woodlands Link, Singapore 738722",secretary@leong-guan.com,+65 6756 1531,Leong Guan Food Manufacturer Pte Ltd,+65 6752 4188,http://www.leong-guan.com/
"3017 Bedok North St 5, #05-19 Gourmet East Kitchen, Singapore 486121",enquire@leosatay.com.sg,+65 6441 8980,Leo Satay Foodstuff Manufacture Pte Ltd,+65 6443 2869,http://www.leosatay.com.sg/
"3017 Bedok North Street 5, #04-29 Gourmet East Kitchen, Singapore 486121",sales@kuehkueh.com.sg,-,Lek Lim Nonya Cake Trading Pte Ltd,+65 6449 0815,https://www.kuehkueh.com.sg/
"15 Woodlands Loop, #01-30/31, Singapore 738322",vitamee@singnet.com.sg,+65 6754 2943,Lee Lum Huat Pte. Ltd.,+65 6754 2345,-
"3017 Bedok North Street 5, #03-09 Gourmet East Kitchen, Singapore 486121",sales@leekaya.com.sg,+65 6748 2194,Lee Kaya Co (S) Pte Ltd,+65 6748 1520 / +65 6748 2997,http://www.leekaya.com.sg/
"31 Woodlands Close, #05-17 Woodlands Horizon, Singapore 737855",enquiry@foodee.com.sg,+65 6746 8801,Layang Food Pte Ltd,+65 6746 8801,http://www.foodee.com.sg/
"6 Yishun Industrial Street 1, #02-15 North View Bizhub, Singapore 768090",main@leefoodsth.com,+65 6397 5520,Lee Foods (Tai Hock) Pte Ltd,+65 6397 5560 / +65 6379 5561,-
"9 Jurong Town Hall Road, #02-22 Trade Association Hub, Singapore 609431",info@latamcham.org,-,Latin American Chamber of Commerce,+65 9389 5060,https://www.latamcham.org/
"3000 Marsiling Road, Singapore 739108",caysonchia@lamsoon.com.sg,+65 6768 7134,Lam Soon Singapore Pte Ltd,+65 6763 3989,http://www.lamsoongroup.com/
"33 Carpenter Street, Singapore 059912",info@lsh.com.sg,-,Lam Seng Hang Company Pte Ltd,+65 6535 1238,https://www.lshgroup.com/
"1091 Lower Delta Road, #05-03, Singapore 169202",jake@labelle-sg.com,+65 6271 2562,La Belle Collection Pte Ltd,+65 6271 6189,http://www.labelle-sg.com/
"5 Mandai Link, #09-07 Mandai Foodlink, Singapore 728654",enquiries@lhfood.co,-,L&H Food Enterprise Pte Ltd,+65 9008 8588,https://www.lhfood.co/
"5 Defu Lane 9, Singapore 539247",orders@kwh.com.sg,+65 6287 2428,Kwong Woh Hing Sauce Factory Pte Ltd,+65 6288 9497,http://www.kwh.com.sg/
"8A Admiralty Street, #03-02 FoodXchange @ Admiralty, Singapore 757437",kwongseng1975@gmail.com,+65 6741 5983,Kwong Seng International Pte Ltd,+65 6747 8895,https://www.kwongseng1975.com/
"1 Woodlands Height, #07-01, Singapore 737859",-,+65 6752 1811,Koufu Pte Ltd,+65 6506 0161,http://www.koufu.com.sg/
"12 Senoko Ave, Singapore 758302",enquiry@kctsoya.com,+65 6286 5948,Kwong Cheong Thye Pte Ltd,+65 6748 7766,http://www.kctsoya.com/
"63 Hillview Avenue, #03-04 Lam Soon Industrial Building, Singapore 669569",business@konghoo.com,+65 6762 6633,Kong Hoo (Private) Limited,+65 6769 1857 / +65 6769 5029,http://www.konghoo.com/
"8 Woodlands Link, Singapore 738738",kongguan@kongguan.com.sg,+65 6257 0220,Kong Guan Dumpling/Pau Mfr Pte Ltd,+65 6776 6688,http://www.kongguan.com.sg/
"Attn: Ms. Wendy Lim, 152 Beach Road, #25-05 Gateway East, Singapore 189721",wendy.lim@koelnmesse.com.sg,+65 6294 8403,Koelnmesse Pte Ltd,+65 6500 6700,https://www.koelnmesse.com/
"20 Bukit Batok Crescent, #13-10 Enterprise Centre, Singapore 658080",enquiry@kiomkee.com.sg,+65 6560 3786,Kiomkee Pte Ltd,+65 6560 6861,http://www.kiomkee.com.sg/
"1 Senoko Ave, #03-06/07 FoodAxis @ Senoko, Singapore 758297",phua.zhenhua@kingmao.co,+65 6262 5056,Kingmao International (S) Pte Ltd,+65 6262 3932,-
"15 Woodlands Loop, #03-11, Singapore 738322",bakeoven@singnet.com.sg,+65 6756 0880,Kim Lee Pastry House,+65 6752 0311,-
"15 Woodlands Loop, #02-27/28, Singapore 738322",-,+65 6758 8785,Kim Joo Guan Pte Ltd,+65 6758 8707,https://www.kimjooguan.com/
"1550 Bedok North Ave 4, #05-30 Bedok Food City, Singapore 489950",info@kimguanguan.com,+65 6281 8390,Kim Guan Guan Coffee Trading Pte Ltd,+65 6281 5055,http://www.kimguanguan.com.sg/
"23 Senoko South Road, #01-02, Singapore 758080",allantss@kimhingfood.com.sg,+65 6533 7446,Kim Hing Food Industries Pte Ltd,+65 6538 2288,http://www.dragonbrand.com.sg/
"35 Fishery Port Road, Room 419, Singapore 619742",khoonleefisheries@gmail.com,-,Khoon Lee Fisheries & Co,+65 6256 6538,-
"2 MacTaggart Road, #03-01 Khong Guan Building, Singapore 368078",bcchew@kg.com.sg,+65 6285 5868,Khong Guan Limited,+65 6282 2511,http://www.khongguanlimited.com/
"338 Jalan Boon Lay, Singapore 619526",biscuit@khongguan.com.sg,+65 6265 2319,Khong Guan Biscuit Factory (S) Pte Ltd,+65 6261 6888,http://www.khongguan.com.sg/
"150 Beach Road, #16-01 Gateway West, Singapore 189720",enquiry@mydrmct.com,+65 6299 4590,Keto Science Pte Ltd,+65 6576 6500,https://www.mydrmct.com/
"12 Senoko Drive, Singapore 758200",michelle.lim@kemin.com,+65 6754 1686,Kemin Industries (Asia) Pte Limited,+65 6484 1633,https://www.kemin.com/asia
"24 Tuas Avenue 7, Singapore 639274",info@ego.com.sg,+65 6861 5581,Kee Wee Hup Kee Food Manufacture Pte Ltd,+65 6861 0696,http://www.ego.com.sg/
"26 Senoko Way, Singapore 758048",contact@keesong.com,+65 6285 2601,Kee Song Food Corporation (S) Pte Ltd,+65 6289 4933,http://www.keesong.com/
"3015 Bedok North St 5, #06-01/14 Shimei East Kitchen, Singapore 486350",andytan@kayaspread.com,+65 6245 3892,Kaya Spread International Pte Ltd,+65 6246 5135,https://www.kayaspread.com/
"27 Penjuru Lane, Annex Block Level 6, Singapore 609195",enquiry@kaimay.com.sg,+65 6425 0764,Kaimay Trading Pte Ltd,+65 6425 0363,http://www.kaimay.com.sg/
"3020 Ubi Ave 2, #03-147, Singapore 408896",ks.food.industries@gmail.com,+65 6746 5085,K S Food Industries,+65 6746 4208,http://www.ksfoodindustries.com/
"15 Woodlands Loop, #03-10, Singapore 738322",-,+65 6754 3369,K & B Nonya Kueh Manufacture Pte Ltd,+65 6754 9369,-
"121 Defu Lane 10 #02-01, Singapore 539231",samsiah@asli.asia,+65 6245 0885,Jumain Sataysfaction Pte Ltd,+65 6245 7885,http://www.sataysfaction.com/
"7 Kaki Bukit Road 1, #05-01 Eunos Technolink, Singapore 415937",jacqueline.tan@jumbogroup.com.sg,+65 6749 4955,Jumbo Group of Restaurants Pte Ltd,+65 6265 8626,https://www.jumbogroup.sg/
"5 Kaki Bukit Road 1, #05-06 Eunos Technolink, Singapore 415936",jubileehabeb@gmail.com,+65 6267 9013,Jubilee Foodstuff Pte Ltd,+65 6267 9582 / +65 6267 9583,-
"13 Woodlands Loop, Singapore 738284",corp@jordoninter.com.sg,+65 6853 2618,Jordon Food Industries Pte Ltd,+65 6551 5050,http://www.jordoninter.com.sg/
"8A Admiralty Street, #03-37 FoodXchange @ Admiralty, Singapore 757437",info@jewkit.com.sg,+65 6659 3600,JK Excellent Food Pte Ltd,+65 6659 3601,http://www.jewkit.com.sg/
"95 Tuas Avenue 1, Singapore 639523",enquiry@jjdrinks.com.sg,+65 6863 3142,JJ Drinks Manufacturing Pte Ltd,+65 6863 3793,http://www.jjdrinks.com.sg/
"3-C Toh Guan Road East, #02-01 Tye Soon Building, Singapore 608832",pan@jfc.com.sg,+65 6567 0832,JFC (S) Pte Ltd,+65 6567 8200,http://www.jfc.com.sg/
"18 Tuas West Avenue, Singapore 638434",enquiry@jackway.com.sg,+65 6861 2633,Jackway Convertor Industries Pte Ltd,+65 6861 6533,http://www.jackway.com.sg/
"50 Raffles Place, #16-02 Singapore Land Tower, Singapore 048623",pushpa@intersnackrajkumar.com.sg,+65 6323 0746,Intersnack Cashew Company Pte Ltd,+65 6323 0741,-
"26 Sin Ming Lane, #07-124 Midview City, Singapore 573971",info@integriontech.com,-,INTEGRION Technologies Pte Ltd,+65 6424 0457,https://www.integriontech.com/
"1 Irving Place, #08-01 The Commerze @ Irving, Singapore 369546",jason@nocturnenoir.com,-,Ingenious Beverages Pte Ltd,+65 6285 2008,https://www.nocturnenoir.com/
"34/36/38 Senoko Drive, Singapore 758221",info@indoguna.com.sg,+65 6755 9522,Indoguna (Singapore) Pte Ltd,+65 6755 0330,http://www.indoguna.com/
"1001 Jalan Bukit Merah, #05-02, Singapore 159455",admin@imi.com.sg,+65 6276 3997,IMI Lifestyle Products Pte Ltd,+65 6276 6180,https://www.imi.com.sg/
"138 Hillview Ave, #02-07 Hillview Residence, Singapore 669599",-,-,Indocater Enterprise (S) Pte Ltd,-,-
"11 Hong Kong Street, Singapore 059654",teckseng@singnet.com.sg,+65 6533 2761 / +65 6534 1385,Ideal Food Industries Pte Ltd,+65 6533 1133,-
"12 & 14 Chin Bee Ave, Singapore 619937",admin@hupco.com.sg,+65 6266 8899,Hupco Pte Ltd,+65 6266 6868,http://www.hupco.com/
"1 Kaki Bukit Road 1, #05-09 Enterprise One, Singapore 415934",enquiry@ilctrading.com.sg,+65 6482 0362,I L C Trading,+65 6842 4908,http://www.ilctrading.com.sg/
"15 Woodlands Loop, #03-47/48, Singapore 738322",huplee@singnet.com.sg,+65 6752 2529,Hup Lee Frozen Food Pte Ltd,+65 6752 4546,-
"8 Wan Lee Road, Singapore 627940",sales@huphuat.com.sg,+65 6266 1215,Hup Huat Noodles Pte Ltd,+65 6268 8335,http://www.huphuat.com.sg/
"1012 Aljunied Avenue 3, #01-27, Singapore 389935",help@hungrybbq.com,+65 6243 8243,Hungry BBQ Pte Ltd,+65 6243 2243,https://www.hungrybbq.com/
"161 Pandan Loop, Singapore 128456",sales@hubers.com.sg,+65 6774 4743,Huber's Pte Ltd,+65 6774 4883,http://www.hubers.com.sg/
"10 Tampines North Drive 4, #09-10 JTC Space @ Tampines North, Singapore 528553",sales@huiji.com.sg,+65 6846 9093,Huay Feng Hang Pte Ltd,+65 6748 2911,https://www.huiji.com.sg/
"38 Woodlands Ind Park E1, #04-02, Singapore 757700",ivan@huakhiang.com,+65 6268 5016,Hua Khiang Food Export (S) Pte Ltd,+65 6268 1262,http://www.huakhiang.com/
"171 Kampong Ampat, #06-09 KA Foodlink, Singapore 368330",francis@houseofseafood.com.sg,+65 6244 9000,House of Seafood (S) Pte Ltd,+65 6444 9000,http://www.houseofseafood.sg/
"8A Admiralty Street, #07-23 FoodXchange @ Admiralty, Singapore 757437",enquiries@hobie.com.sg,+65 6556 2585,Hotbake Innovations Pte Ltd,+65 6556 2505,http://www.hobie.com.sg/
"1002 Tai Seng Ave, #01-2552, Singapore 534409",info@hongseafood.com,+65 6741 2128,Hong Seafood Pte Ltd,+65 6747 9701,http://www.hongseafood.com/
"16 Wholesale Centre, #01-98 Pasir Panjang Wholesale Centre, Singapore 110016",sales@hongguanmp.com.sg,+65 6777 1124,Hong Guan Marine Products Pte Ltd,+65 6775 2929,https://www.hongguanmp.com.sg/
"15 Jalan Tepong, #04-09 Jurong Food Hub, Singapore 619336",info@homesfavourite.com,+65 6265 4726,Home's Favourite Pte Ltd,+65 6272 2028,http://www.homesfavourite.com/
"64 Pagoda Street, Singapore 059223",sales@hockwong.com.sg,-,Hock Wong Foodstuff Pte Ltd,+65 9146 9879,https://www.hockwong.com.sg/
"267 Pandan Loop, Singapore 128439",bizopp@hosengroup.com,+65 6779 0186,Hock Seng Food Pte Ltd,+65 6595 9222,http://www.hosengroup.com/
"3017 Bedok North St 5, #05-28/29 Gourmet East Kitchen, Singapore 486121",williamtan@hlhfoods.com,+65 6443 5412,Hock Lian Huat Foodstuff Industry Pte Ltd,+65 6445 5411,http://www.hlhfoods.com/
"65 Sims Avenue, #09-02B Yi Xiu Factory Building, Singapore 387418",enquiry@highlanders.com.sg,+65 6288 6355,Highlanders International Pte Ltd,+65 6288 3880,http://www.highlanders.com.sg/
"20 Bukit Batok Crescent, #11-22 Enterprise Centre, Singapore 658080",sales@hengee.com.sg,+65 6453 1182,Heng Ee Foodstuff Supplies,+65 6456 3565,http://www.hengee.com.sg/
"38 Woodlands Terrace, Singapore 738455",sales@hgf.com.sg,+65 6759 1198,Heng Guan Food Industrial Pte Ltd,+65 6759 3688,http://www.hengguanfood.com/
"19 Defu Lane 10, #01-308, Singapore 539200",hiapgiap_18@singnet.com.sg,+65 6283 8698,Hiap Giap Food Manufacture Pte Ltd,+65 6280 0361,http://www.hiapgiapfood.com.sg/
"12 Woodlands Terrace, Singapore 738437",-,+65 6756 0313,Hiap Chen Food Products Pte Ltd,+65 6257 8128,-
"25 Chin Bee Road, Singapore 619831",sales@hentick.com.sg,+65 6268 5259,Hen Tick Foods Pte Ltd,+65 6268 1576,https://www.hentick.com.sg/
"18 Tampines Industrial Crescent, #02-11A Space @ Tampines, Singapore 528605",narcissu@singnet.com.sg,+65 6241 9250,Haur Tar Company Pte Ltd,+65 6441 4488 / +65 6441 4489,-
"15 Woodlands Loop, #02-19, Singapore 738322",info@harmonyfoods.com.sg,+65 6257 3836,Harmony Foods Pte Ltd,+65 6756 2916,http://www.harmonyfoods.com.sg/
"25 Changi South St. 1, Singapore 486059",enquiries@haomart.com.sg,-,Hao Mart Pte Ltd,+65 6238 8882,http://www.haomart.com.sg/
"50 Gambas Crescent, #01-03 Proxima@Gambas, Singapore 757022",enquiry@hais.com.sg,+65 6758 9288,Hai's Pte Ltd,+65 6752 8588,http://www.hais.com.sg/
"257 Pandan Loop, Singapore 128434",sales@halifa-bobo.com,+65 6774 2010,Ha Li Fa Pte Ltd,+65 6773 6209,http://www.halifa-bobo.com/
"1002 Tai Seng Ave, #01-2540, Singapore 534409",enquiry@growthwellfoods.com,+65 6285 3133,Growthwell Singapore Pte Ltd,+65 6289 6068,https://www.growthwellfoods.com/
"61 Ubi Road 1, #01-23 Oxley Bizhub 1, Singapore 408727",alice@greencapsule.com.sg,+65 6702 7010,Green Capsule Organics Pte Ltd,+65 6702 7009,https://www.organic7days.com/
"57 Quality Road, Singapore 618816",enquiry@goodcrop.sg,+65 6265 3512,Goodcrop Pte Ltd,+65 6265 1611,http://www.goodcrop.sg/
"8 Tuas Ave 18, Singapore 638892",vincentteheh@goldbellcorp.com,+65 6862 4012,Goldbell Engineering Pte Ltd,+65 6861 0007,https://www.goldbellgroup.com/
"30 Senoko South Road, Singapore 758088",enquiry-gb@golden-bridge.com,+65 6758 8580,Golden Bridge Foods Manufacturing Pte Ltd,+65 6572 9200,https://www.golden-bridge.com/
"9 Woodlands Link, Singapore 738723",des@goldkili.com,+65 6854 2558,Gold Kili Trading Enterprise (S) Pte Ltd,+65 6854 2775,http://www.goldkili.com/
"94D Jalan Senang, Singapore 418471",khengwah@gohyeowseng.com.sg,+65 6443 1779,Goh Yeow Seng Pte Ltd,+65 6442 1442,http://www.gohyeowseng.com.sg/
"5 Yishun Industrial St 1, #04-04 North Spring BizHub, Singapore 768161",mh@global-tek.com.sg,+65 6481 7123,Global-Tek Machinery Pte Ltd,+65 8127 6268,http://www.global-tek.com.sg/
"763 Woodlands Ave 6, #01-70, Singapore 730763",gemchamp.trading@gmail.com,-,Gemchamp Trading Pte Ltd,-,https://www.gemchamptrading.com/
"39 Kaki Bukit Place, #04-00 Eunos Techpark, Singapore 416217",info@gashub.com.sg,-,Gashubunited Utility Private Limited,+65 6483 2777,https://www.gashub.com.sg/
"224 Pandan Loop, Singapore 128411",order@gardenia.com.sg,+65 6777 8010,Gardenia Foods (S) Pte Ltd,+65 6778 5666,http://www.gardenia.com.sg/
"28 Senang Crescent, #02-05 BizHub 28, Singapore 416601",-,+65 6467 9015,Fujairah International Private Limited,+65 6467 8322,-
"865 Mountbatten Road, #B1-27 Katong Shopping Centre, Singapore 437844",bee@littlegreenbee.com.sg,+65 6348 4196,G.NRG.ECO Pte Ltd,+65 9338 4545,http://www.littlegreenbee.com.sg/
"33 Ubi Ave 3, #06-51 Vertex, Singapore 408868",info@gki.com.sg,+65 6372 1788,G.K. International Pte Ltd,+65 6372 1188,http://www.gki.com.sg/
"27 Tuas Bay Walk, #01-07 Westview Food Factory, Singapore 637127",ftglobalaccs@gmail.com,+65 6339 1295,FT Global Pte Ltd,+65 6339 1187,-
"3 Upper Aljunied Link, #04-04 (Blk B) Joo Seng Warehouse, Singapore 367902",khiengsin@frezfruta.com,+65 6285 0351,Frezfruta Jam Manufacturing Pte Ltd,+65 6282 6752,http://www.frezfruta.com
"38 Jalan Pemimpin, #04-04, Singapore 577178",enquiries@saybons.com,-,French Food Factory Pte Ltd,+65 9151 3132,https://www.saybons.com/
"60 Woodlands Terrace, Singapore 738466",sales@fragrance.com.sg,+65 6758 8968,Fragrance Foodstuff Pte Ltd,+65 6257 8608,http://www.fragrance.com.sg/
"37 Chin Bee Crescent, Singapore 619903",jimmytan@fourleaves.com.sg,+65 6266 5470,Four Leaves Pte Ltd,+65 6268 6516,http://www.fourleaves.com.sg/
"348 Jalan Boon Lay, Singapore 619529",alexng@fortunefood.com.sg,+65 6261 1326,Fortune Food Manufacturing Pte Ltd,+65 6577 3130,http://www.fortunefood.com.sg/
"181 Lorong 4 Toa Payoh, #02-602, Singapore 310181",-,+65 6252 2342,Fortun Ate Restaurant Pte Ltd,+65 6363 1717,http://www.fortun-ate.com/
"68 Circular Road, #02-01, Singapore 049422",Ian.li@forintechasia.com,-,Forintech International Pte Ltd,+65 8132 3868,https://www.forintech.com/
"3017 Bedok North St 5, #04-15/16 Gourmet East Kitchen, Singapore 486121",sales@fooksangtong.com.sg,+65 6743 5267,Fook Sang Tong Trading Pte Ltd,+65 6744 1868,http://www.qianjin.com.sg/
"8 Raffles Ave, #02-04 Esplanade Mall, Singapore 039802",daphnelau@fortsanctuary.com,+65 6401 7903,Fort Sanctuary Pte Ltd,+65 6254 8048,https://www.fortsanctuary.com/
"218 Pandan Loop, #01-01 XPACE, Singapore 128408",xervices@foodxervices.com,1800 933 3339 / +65 6744 6477,Foodxervices Inc Pte Ltd,1800 933 3333 / +65 6744 6455,http://www.foodxervices.com/
"10 Ubi Crescent, #02-49 Ubi Techpark Lobby C, Singapore 408564",foodtrade@singnet.com.sg,+65 6841 1647,Foodtrade Pte Ltd,+65 6841 1674,-
"171 Kampong Ampat, #05-01 KA Foodlink, Singapore 368330",sales@foodgnostic.com,+65 6287 5508,Foodgnostic Pte Ltd,+65 6287 0709,https://www.foodgnostic.com/
"26 Woodlands Terrace, Singapore 738449",jsk@foodedgegourmet.com,+65 6245 6975,Foodedge Gourmet Pte Ltd,+65 6339 4953,http://www.foodedgegourmet.com/
"Future Enterprises Pte Ltd, 31 Harrison Road, #08-01 Food Empire Building, Singapore 369649",corporate@foodempire.com,+65 6744 8977,Food Empire Holdings Limited,+65 6622 6900,http://www.foodempire.com/
"998 Toa Payoh North, #05-26, Singapore 318993",edwingaw@2efsi.com,-,Food Services Initiatives Pte Ltd,+65 6513 1248,https://www.2efsi.com/
"9 Jurong Town Hall Road, #04-13 TA Hub, Singapore 609431",-,+65 6223 7235,Food Corporation Marketing Pte Ltd,+65 6221 2438,-
"1 Senoko Ave, #03-08 FoodAxis @ Senoko, Singapore 758297",gtwace@hotmail.com,+65 6334 4361,Fong Yit Kaya Pte Ltd,+65 6334 4067,http://www.kayamila.com/
"3020 Ubi Ave 2, #03-129 Kampong Ubi Industrial Estate, Singapore 408896",foosengmedical@yahoo.com.sg,+65 6546 3088,Foo Seng Medical Trading,+65 6543 2088,-
"3 Ang Mo Kio Street 62, #03-22 Link@AMK, Singapore 569139",jamienicole@fobeasia.com,-,FOBE Asia Pte Ltd,-,https://www.fobe-asia.com/
"1004 Eunos Ave 8, #01-21 Eunos Ind. Estate, Singapore 409499",flktrading12@gmail.com,-,FLK (S) Trading Pte Ltd,+65 6842 6090,http://www.healthfoodworldsg.com/
"320 Jalan Boon Lay, Singapore 619525",contactus@fishsingapore.com,-,Fish International Sourcing House Pte Ltd,+65 9772 6046,https://www.fishsingapore.com/
"46 Woodlands Terrace, Singapore 738459",orderdept@fasslergourmet.com,+65 6257 7257,Fassler Gourmet Pte Ltd,+65 6257 5257,https://www.fasslergourmet.com/
"5 Burn Road, #03-01/02 Tee Yih Jia Food Building, Singapore 369972",enquiries@fgfoodindustries.com,+65 6844 7257,FG Food Industries Pte Ltd,+65 6844 1852,https://www.fgfoodindustries.com/
"21 Woodlands Close, #09-36 Primz BizHub, Singapore 737854",bytee@fenixx.com.sg,-,Fenixx Pte Ltd,+65 9190 8128,http://www.fenixx.com.sg/
"271 Bukit Timah Road, #05-01 Balmoral Plaza, Singapore 259708",info@fairteck.com.sg,+65 6732 5830,Fairteck Holding Pte Ltd,+65 6732 8189,https://www.smooze.fun/
"214 Pandan Loop, Singapore 128405",shirley.ngo@fnnfoods.com,+65 6210 8181,F&N Foods Pte Ltd,+65 6210 8223,https://www.fnnfoods.com/
"15 Jalan Tepong, #05-03 Jurong Food Hub, Singapore 619336",jonathan@faesol.com,+65 6841 0508,Faesol Pte Ltd,+65 6898 3698,http://www.faesol.com/
"15 Woodlands Loop, #02-59/60/61, Singapore 738322",fg_food@hotmail.com,+65 6754 1805,F & G Food Pte Ltd,+65 6754 1857,http://www.fgfood.com.sg/
"16 International Road, #02-00, Singapore 609929",info.sg@exyte.net,+65 6725 8909,Exyte Singapore Pte Ltd,+65 6725 9500,https://www.exyte.net/
"26 Pioneer Crescent, #04-12 Westpark Bizcentral, Singapore 628558",leslie.yeo@eurotranssupplies.com,+65 6795 8795,Eurotrans Supplies Pte Ltd,+65 6795 7795,-
"2 Jurong East Street 21, #04-12A IMM Building, Singapore 609601",sg@eurekasnack.com,-,Eureka Snacks SG Pte Ltd,+65 6261 0821,https://sg.eurekasnack.com/
"21 Tai Seng Drive, Singapore 535223",info@euyansang.com,-,Eu Yan Sang International,1800 888 1879 (Local Toll-Free),https://www.euyansang.com.sg/
"6A Senoko South Road, Singapore 758092",-,+65 6758 5335,ER Marketing (S) Pte Ltd,+65 6757 8858,http://www.everrich.com.sg/
"10 Tuas Bay Walk, Singapore 637780",engsoonasia@engsoonmfg.com.sg,+65 6863 0838,Eng Soon Dry Bean Curd Manufacturing Pte Ltd,+65 6863 3668,http://www.tofupuffs.com/
"15 Woodlands Loop, #01-41/42, Singapore 738322",-,+65 6758 5523,Eng Huat Food Industries Pte Ltd,+65 6758 5811,-
"1 Yunnan Drive 1, Singapore 638271",-,+65 6265 3250,Eng Heng Food Manufactory Pte Ltd,+65 6265 5283,-
"10 Woodlands Terrace, Singapore 738435",sales@engbeefood.com,+65 6487 6353,Eng Bee Foodstuffs Manufacturing Pte Ltd,+65 6284 1982 / +65 6285 3532,https://www.engbeefood.com/
"58 Senoko Drive, Singapore 758237",admin@eehuifood.com,+65 6758 8833,Ee Hui Food Manufacture Pte Ltd,+65 6758 5885,http://www.eehuifood.com/
"8 Admiralty Street, #05-11 Admirax, Singapore 757438",info@ecospec.com,+65 6570 5707,Ecospec NovelTech Pte Ltd,+65 6570 5706,https://www.ecospec.com/
"3017 Bedok North St 5, #06-27 Gourment East Kitchen, Singapore 486121",enquiries@baristo.com.sg,+65 6457 6961,Ebenezer Coffee Manufacturer Pte Ltd,+65 6243 9797,http://www.baristo.com.sg/
"15 Woodlands Loop, #04-13, Singapore 738322",efrozenfood@singnet.com.sg,+65 6858 2526,E Frozen Food Pte Ltd,+65 6858 2622,-
"10 Anson Road, #10-11 International Plaza, Singapore 079903",hello@dokijuice.com,-,Dokidoki (Pte. Ltd.),-,https://www.dokijuice.com/
"60 Paya Lebar Road, #12-55 Paya Lebar Square, Singapore 409051",priyanka@dieumot.com,-,Dieumot Pte Ltd,+65 6388 1057,https://www.dieumot.com/
"SME Banking / Institutional Banking Group, 12 Marina Boulevard, #43-03, MBFC Tower 3, Singapore 018982",-,-,DBS Bank Ltd,-,https://www.dbs.com.sg/
"6 New Industrial Road, #02-03, Singapore 536199",info@diabeticshop.com.sg,+65 6504 6483,Diabetic Specialities Pte Ltd,+65 9640 5834,https://sg.diabeticshop.asia/
"3017 Bedok North Street 5, #06-02 Gourmet East Kitchen, Singapore 486121",dawoodspices786@gmail.com,+65 6245 8706,Dawood Flour Mill & Provision Pte Ltd,+65 6445 0733 / +65 6445 0739,https://www.dawoodspices.com/
"16 Senoko Way, Singapore 758038",gohjialong@dafoods.com.sg,+65 6756 4928,D.A. Foods Industries Pte Ltd,+65 6756 8173,-
"26 Tuas Ave 12, Singapore 639042",feedback@chiatai.com.sg,+65 6861 0771,Crown Pacific Beverage Pte Ltd,+65 6861 0717,-
"15 Jalan Tepong, #04-04 Jurong Food Hub, Singapore 619336",enquiry@cuppachoice.com,+65 6264 7718,Cuppachoice International Pte Ltd,+65 6897 2822,https://www.cuppachoice.com/
"1007 Aljunied Ave 4, #01-17, Singapore 389908",admin@cremeland.com.sg,+65 6742 4778,Cremeland Pte Ltd,+65 6742 4668,https://www.cremeland.com.sg/
"39 Woodlands Close, #08-56 Mega@Woodlands, Singapore 737856",kimmingyap@creativeans.com,-,Creativeans Pte Ltd,+65 6957 5696,https://www.creativeans.com/
"37 Mactaggart Road, #04-01, Singapore 368083",enquiry@cookingart.com.sg,+65 6244 1812,Cooking Art Industries Pte Ltd,+65 6244 1192,http://www.cookingart.com.sg/
"460 Alexandra Rd, #05-01 mTower, Singapore 119963",askme@continentalpalms.com.sg,+65 6384 5141,Continental Palms Pte Ltd,+65 6384 5241,http://www.palmtopvegeoil.com.my/
"15 Woodlands Loop, #03-06, Singapore 738322",enquiry@coffeehock.com.sg,+65 6250 3783,Coffeehock (2006) Pte Ltd,+65 6257 0889,http://www.coffeehock.com.sg/
"3017 Bedok North St 5, #06-28 Gourmet East Kitchen, Singapore 486121",info@cmyfood.com,+65 6448 7466,CMY Food Industries Pte Ltd,+65 6448 3325,http://www.cmyfood.com/
"3017 Bedok North St 5, #05-10 Gourmet East Kitchen, Singapore 486121",order@bbqcity.com.sg,+65 6444 3787,City Satay (Food Industries) Pte Ltd,+65 6445 3422,https://www.citysatay.com/
"34 Defu Lane 3, Singapore 539451",enquiry@chyechoon.com.sg,+65 6285 6519,Chye Choon Foods Private Limited,+65 6283 5470,http://www.chyechoon.com.sg/
"8 Marina View, #16-00 Asia Square Tower 1, Singapore 018960",valerie.loh@citi.com,-,Citibank N.A. Singapore,+65 6657 5214,https://www.citibank.com.sg/
"3017 Bedok North St 5, #03-26 Gourmet East Kitchen, Singapore 486121",linhaolun@chunghwa.com.sg,+65 6449 5058,Chung Hwa Food Industries Pte Ltd,+65 6481 3300,http://www.chunghwa.com.sg/
"No.1 Fishery Port Road, Singapore 619729",sales@chuncheng.com,+65 6266 6966,Chun Cheng Fishery Enterprise Pte Ltd,+65 6266 6566,http://www.chuncheng.com/
"26 Senoko Crescent, Singapore 758277",info@chuihiang.com.sg,+65 6756 8069,Chui Hiang Pte Ltd,+65 6756 6328,http://www.chuihiang.com.sg/
"23 Senoko South Road, #01-06, Singapore 758080",chia.wengsoon@tigersauce.com.sg,+65 6284 2753,Chuen Cheong Food Industries (Pte) Ltd,+65 6285 1501,http://www.chuencheong.com/
"21 Pandan Loop, #01-171, Singapore 128239",chhsf@singnet.com.sg,+65 6775 5857,Chuan Hiap Hin Sauce Factory Pte Ltd,+65 6779 5082,-
"6 Senoko South Road, Singapore 758070",enquiry@chophupchong.com.sg,+65 6759 1911,Chop Hup Chong Food Industries Pte Ltd,+65 6759 0988,http://www.chophupchong.com.sg
"15 Jalan Tepong, #03-02 Jurong Food Hub, Singapore 610336",info@chocoworks.com,+65 6775 3117,Chocoworks Pte Ltd,+65 6775 5117,http://www.chocoelf.com/
"3017 Bedok North St 5, #02-11/12 Gourmet East Kitchen, Singapore 486121",info@bean-curd.com,+65 6443 0712,Chng Kee Pte Ltd,+65 6443 0702,http://www.bean-curd.com
"1 Senoko Road, #04/05-00 Annex Building, Singapore 758134",acct@chinatownfood.com.sg,+65 6382 0600,Chinatown Food Corporation Pte Ltd,+65 6382 0500,https://www.chinatownfood.com.sg/
"3017 Bedok North St 5, #05-21/22 Gourmet East Kitchen, Singapore 486121",sales@chinboon.com,-,Chin Boon Foodstuffs Pte Ltd,+65 6442 0791 / +65 6444 2961,http://www.chinboon.com/
"150 Neo Tiew Road, Singapore 719032",sales@chewsegg.com.sg,+65 6793 7675,Chew's Agriculture Pte Ltd,+65 6793 7674,http://www.chewsegg.com/
"51 Goldhill Plaza, #08-02, Singapore 308900",contactus@cheungwofood.com.sg,-,Cheung Wo Food Supply SG Pte Ltd,-,https://www.cheungwofood.com/
"9 Chin Bee Drive, #06-01 Innovate 360 Building, Singapore 619860",cyh@chengsugar.com,+65 6266 2821,Cheng Yew Heng Candy Factory Pte Ltd,+65 6266 3530,http://www.chengsugar.com/
"23 Senoko South Road, #01-01, Singapore 758080",csoil@cheeseng.com.sg,+65 6280 8982,Chee Seng Oil Fty (Pte) Ltd,+65 6284 1062,http://www.cheeseng-oil.com/
"1 Yarrow Gardens, Frankel Estate, Singapore 455007",biz@chartercapital.com.sg,+65 6536 5550,Charter Capital (S) Pte Ltd,+65 6536 1110,-
"15 Woodlands Loop, #02-37, Singapore 738322",contact@xishibakkwa.com,+65 6752 1502,Cecilia Minced & Dried Pork Food Trading,+65 6756 6696,http://www.xishibakkwa.com/
"1 Kim Seng Promenade, #14-06 Great World City, Singapore 237994",kohgekhwa@zuelliginvestments.com.sg,+65 6775 1877,Cambert (F.E.) Pte Ltd,+65 6775 0600,http://www.kordels.com.sg/
"30 Tai Seng Street, #09-01, Singapore 534013",enquiry@breadtalk.com,+65 6285 1661,Breadtalk Pte Ltd,+65 6285 6116,http://www.breadtalk.com/
"22 Woodlands Terrace, Singapore 738447",general@boontongkee.com.sg,+65 6442 4869,Boon Tong Kee Food Processing Ind. Pte Ltd,+65 6241 0432 / +65 6242 1968,http://www.boontongkee.com.sg/
"53 Ubi Avenue 1, #03-38 Paya Ubi Industrial Park, Singapore 408934",taksan@boonkee.com.sg,+65 6841 8828,Boon Kee & Co,+65 6841 8818,http://www.boonkee.com.sg/
"15 Woodlands Loop, #04-19, Singapore 738322",enquiries@fishball.com.sg,-,Big Spring Day Seafood Trading Pte Ltd,+65 6481 4335,https://www.fishball.com.sg/
"2 Senoko South Road, #04-02, Singapore 758096",lutay@bhf.com.sg,+65 6778 1257,BHF Pte Ltd,+65 6777 3500,http://www.bhf.com.sg/
"119 Defu Lane 10, Singapore 539230",enquiry@cklfi.com.sg,+65 6284 7323,Chia Khim Lee Food Industries Pte Ltd,+65 6285 6488,http://www.chiakhimlee.com/
"705 Sims Drive, #04-16B Shun Li Industrial Complex, Singapore 387384",corporatesales@mrbean.com.sg,+65 6513 2843,Best Bean International Pte Ltd,+65 6844 2298,http://www.mrbean.com.sg/
"23 Woodlands Link, Singapore 738730",sales@bengawansolo.com.sg,+65 6756 9089,Bengawan Solo Pte Ltd,+65 6756 9088,http://www.bengawansolo.com.sg/
"20 Bukit Batok Crescent, #13-15 Enterprise Centre, Singapore 658080",sales@beesim.sg,+65 6316 4438,Bee Sim Foods Pte Ltd,+65 6316 4438,https://www.beesim.sg/
"81 Science Park Drive, #03-02 The Chadwick, Singapore 118257",food@ccicsg.com,+65 6278 9493,CCIC Singapore Pte Ltd,+65 6278 1020,http://www.ccicsg.com/
"Human Nutrition Division, 7 Temasek Boulevard, #35-01 Suntec Tower One, Singapore 038987",-,+65 6334 0330,BASF South East Asia Pte Ltd,+65 6337 0330,http://www.basf.com/
"1E Senoko Crescent, Singapore 758287",sales@bakersoven.com.sg,+65 6756 0880,Bakers Oven Pattisieries,+65 6752 0311,http://www.bakersoven.com.sg/
"61 Kaki Bukit Ave 1, #03-20 Shun Li Industrial Park, Singapore 417943",sales@airverclean.com,+65 6741 3935,Airverclean Pte Ltd,+65 6741 5800,https://www.airverclean.com/
"2 International Business Park, #03-20 The Strategy, Singapore 609930",mysgmkt@airproducts.com,+65 6264 0198,Air Products Singapore Industrial Gases Pte Ltd,+65 6494 2240,https://www.airproducts.com.sg/
"214 Syed Alwi Road, Singapore 907747",saba.sachi@gmail.com,+65 6291 7366,Bhavani Stores Private Limited,+65 6291 7866,https://www.unclesabas.com/
"844 Yishun Street 81, #11-170 Khatib Central, Singapore 760844",htwe@glgroup.com.mm,-,Aim Max Trading Pte Ltd,+65 8424 0036,-
"7 Tuas Link 3, Jurong Industrial Estate, Singapore 638525",advctn@singnet.com.sg,+65 6897 8710,Advance Carton Pte Ltd,+65 6897 8720,http://www.advctn.sg/
"Blk 1010 Aljunied Ave 4, #01-08, Singapore 389911",hello@besttaste.com.sg,+65 6749 2108,Best Taste Impex (S) Pte Ltd,+65 6748 1788,https://www.besttaste.com.sg/
"100D Pasir Panjang Road, #02-11 Meissa, Singapore 118520",sharon@adwright.com,+65 6515 9915,Ad.Wright Communications Pte Ltd,+65 6227 7227,http://www.adwright.com/
"5 Little Road, #02-01 Cemtex Industrial Building, Singapore 536983",ongckjason@gmail.com,-,Active HR Management Pte Ltd,+65 8288 8261,-
"71 Circuit Road, #01-37, Singapore 370071",info@hongspices.com,-,Acorn Investments Holding Pte Ltd,+65 6935 6486,https://www.hongspices.com/
"31 Woodlands Close, #02-04 Woodlands Horizon, Singapore 737855",patrickwong@acesyn.com,+65 6756 0802,Ace Synergy International Pte Ltd,+65 6756 0286,http://www.acesynergy.com.sg/
"2 Joo Koon Circle, Singapore 629031",sales@acez.com.sg,+65 6268 7286,Acez Instruments Pte Ltd,+65 6268 0100,http://www.acez.com.sg/
"460 Alexandra Road, #13-04/05/06 PSA Building, Singapore 119963",enquiry@ajinomoto.com.sg,+65 6257 6866 / +65 6257 1622,Ajinomoto (Singapore) Pte Ltd,+65 6257 2022 / +65 6257 1922,https://www.ajinomoto.com.sg/
"17 Tuas Bay Walk, Singapore 637761",enquiry@bachun.com,+65 6861 1451,Bachun Food Industries Pte Ltd,+65 6861 0518,http://www.bachun.com/
"26 Tuas Ave 7, Singapore 639273",connie.kwan@aalstwilmar.com,+65 6863 6262,Aalst Chocolate Pte Ltd,+65 6863 2626,http://www.aalstchocolate.com/
"114 Lavender Street, #09-87 CT Hub 2, Singapore 338729",alinkz@singnet.com.sg,+65 63271839,A-Linkz Marketing Pte Ltd,+65 6327 1813,http://www.alinkzmarketing.com/
"51 Goldhill Plaza, #07-10/11, Singapore 308900",mite4843@gmail.com,-,Adamz Xtreme Pte Ltd,+65 9845 1205,-
